io.reactivex.rxjava3.testsupport.TestObserverExTest.assertValue,11
io.reactivex.rxjava3.testsupport.TestSubscriberExTest.assertValueAtPredicateThrows,11
io.reactivex.rxjava3.subscribers.TestSubscriberTest.assertValueAtPredicateThrows,8
io.reactivex.rxjava3.observers.TestObserverTest.assertValue,8
io.reactivex.rxjava3.testsupport.TestObserverExTest.assertValuePredicateEmpty,4
io.reactivex.rxjava3.testsupport.TestObserverExTest.await,4
io.reactivex.rxjava3.testsupport.TestObserverExTest.terminalOneKind,4
io.reactivex.rxjava3.subscribers.TestSubscriberTest.multipleTerminals,4
io.reactivex.rxjava3.subscribers.TestSubscriberTest.await,4
io.reactivex.rxjava3.testsupport.TestSubscriberExTest.await,4
io.reactivex.rxjava3.testsupport.TestSubscriberExTest.interruptTerminalEventAwait,4
io.reactivex.rxjava3.testsupport.TestObserverExTest.onNextMisbehave,3
io.reactivex.rxjava3.testsupport.TestObserverExTest.multipleTerminals,3
io.reactivex.rxjava3.testsupport.TestObserverExTest.assertValueAtIndexEmpty,3
io.reactivex.rxjava3.testsupport.TestObserverExTest.assertValueAtPredicateNoMatch,3
io.reactivex.rxjava3.subscribers.TestSubscriberTest.onNextMisbehave,3
io.reactivex.rxjava3.subscribers.TestSubscriberTest.noTerminalEventBut2Errors,3
io.reactivex.rxjava3.subscribers.TestSubscriberTest.assertValueAtPredicateNoMatch,3
io.reactivex.rxjava3.subscribers.TestSubscriberTest.interruptTerminalEventAwait,3
io.reactivex.rxjava3.exceptions.CompositeExceptionTest.singleExceptionIsTheCause,3
io.reactivex.rxjava3.exceptions.CompositeExceptionTest.nestedMultilineMessage,3
io.reactivex.rxjava3.exceptions.CompositeExceptionTest.nullElement,3
io.reactivex.rxjava3.exceptions.CompositeExceptionTest.compositeExceptionFromChildAndComposite,3
io.reactivex.rxjava3.exceptions.CompositeExceptionTest.compositeExceptionFromTwoDuplicateComposites,3
io.reactivex.rxjava3.exceptions.CompositeExceptionTest.nullCollection,3
io.reactivex.rxjava3.exceptions.CompositeExceptionTest.printStackTrace,3
io.reactivex.rxjava3.internal.operators.single.SingleDeferTest.normal,3
io.reactivex.rxjava3.observers.TestObserverTest.onNextMisbehave,3
io.reactivex.rxjava3.observers.TestObserverTest.assertValuePredicateEmpty,3
io.reactivex.rxjava3.observers.TestObserverTest.await,3
io.reactivex.rxjava3.observers.TestObserverTest.assertValueAtIndexEmpty,3
io.reactivex.rxjava3.observers.TestObserverTest.assertValueAtPredicateNoMatch,3
io.reactivex.rxjava3.observers.TestObserverTest.assertTestObserver,3
io.reactivex.rxjava3.testsupport.TestSubscriberExTest.onNextMisbehave,3
io.reactivex.rxjava3.testsupport.TestSubscriberExTest.differentError2,3
io.reactivex.rxjava3.testsupport.TestSubscriberExTest.multipleTerminals,3
io.reactivex.rxjava3.testsupport.TestSubscriberExTest.noTerminalEventBut2Errors,3
io.reactivex.rxjava3.testsupport.TestSubscriberExTest.assertValueAtPredicateNoMatch,3
io.reactivex.rxjava3.testsupport.TestObserverExTest.assertNeverAtMatchingValue,2
io.reactivex.rxjava3.testsupport.TestObserverExTest.assertError,2
io.reactivex.rxjava3.subscribers.TestSubscriberTest.completed,2
io.reactivex.rxjava3.subscribers.TestSubscriberTest.onErrorCrashCountsDownLatch,2
io.reactivex.rxjava3.subscribers.TestSubscriberTest.differentError2,2
io.reactivex.rxjava3.subscribers.TestSubscriberTest.assertError,2
io.reactivex.rxjava3.exceptions.CompositeExceptionTest.compositeExceptionFromParentThenChild,2
io.reactivex.rxjava3.observers.TestObserverTest.onErrorIsNull,2
io.reactivex.rxjava3.observers.TestObserverTest.assertError,2
io.reactivex.rxjava3.testsupport.TestSubscriberExTest.onErrorCrashCountsDownLatch,2
io.reactivex.rxjava3.testsupport.TestSubscriberExTest.assertError,2
io.reactivex.rxjava3.testsupport.TestObserverExTest.assertNeverAtNotMatchingPredicate,1
io.reactivex.rxjava3.testsupport.TestObserverExTest.errors,1
io.reactivex.rxjava3.testsupport.TestObserverExTest.onNext,1
io.reactivex.rxjava3.testsupport.TestObserverExTest.asyncFusion,1
io.reactivex.rxjava3.testsupport.TestObserverExTest.assertValuePredicateNoMatch,1
io.reactivex.rxjava3.testsupport.TestObserverExTest.terminalCompletedOnce,1
io.reactivex.rxjava3.testsupport.TestObserverExTest.assertErrorMultiple,1
io.reactivex.rxjava3.testsupport.TestObserverExTest.assertValuePredicateMatch,1
io.reactivex.rxjava3.testsupport.TestObserverExTest.errorInPredicate,1
io.reactivex.rxjava3.testsupport.TestObserverExTest.assertTerminalEventNotReceived,1
io.reactivex.rxjava3.testsupport.TestObserverExTest.assertTestObserverEx,1
io.reactivex.rxjava3.testsupport.TestObserverExTest.wrappingMockWhenUnsubscribeInvolved,1
io.reactivex.rxjava3.testsupport.TestObserverExTest.assertValueAtIndexMatch,1
io.reactivex.rxjava3.testsupport.TestObserverExTest.completeWithoutOnSubscribe,1
io.reactivex.rxjava3.testsupport.TestObserverExTest.fusionModeToString,1
io.reactivex.rxjava3.testsupport.TestObserverExTest.assertNeverAtNotMatchingValue,1
io.reactivex.rxjava3.testsupport.TestObserverExTest.emptyObserverEnum,1
io.reactivex.rxjava3.testsupport.TestObserverExTest.errorMeansDisposed,1
io.reactivex.rxjava3.testsupport.TestObserverExTest.assertValueAtPredicateMatch,1
io.reactivex.rxjava3.testsupport.TestObserverExTest.assertFailure,1
io.reactivex.rxjava3.testsupport.TestObserverExTest.assertValueAtIndexInvalidIndex,1
io.reactivex.rxjava3.testsupport.TestObserverExTest.createDelegate,1
io.reactivex.rxjava3.testsupport.TestObserverExTest.assertTerminated,1
io.reactivex.rxjava3.testsupport.TestObserverExTest.assertNotSubscribed,1
io.reactivex.rxjava3.testsupport.TestObserverExTest.errorDelegateThrows,1
io.reactivex.rxjava3.internal.operators.flowable.BlockingFlowableLatestTest.fasterSource,1
io.reactivex.rxjava3.subscribers.TestSubscriberTest.completeDelegateThrows,1
io.reactivex.rxjava3.subscribers.TestSubscriberTest.noTerminalEventBut1Error1Complete,1
io.reactivex.rxjava3.subscribers.TestSubscriberTest.awaitCountInterrupted,1
io.reactivex.rxjava3.subscribers.TestSubscriberTest.notCompleted,1
io.reactivex.rxjava3.subscribers.TestSubscriberTest.timeoutIndicated,1
io.reactivex.rxjava3.subscribers.TestSubscriberTest.assertError2,1
io.reactivex.rxjava3.subscribers.TestSubscriberTest.onNext,1
io.reactivex.rxjava3.subscribers.TestSubscriberTest.onCompletedCrashCountsDownLatch,1
io.reactivex.rxjava3.subscribers.TestSubscriberTest.differentError3,1
io.reactivex.rxjava3.subscribers.TestSubscriberTest.differentError4,1
io.reactivex.rxjava3.subscribers.TestSubscriberTest.assertValuePredicateEmpty,1
io.reactivex.rxjava3.subscribers.TestSubscriberTest.assertValuePredicateMatch,1
io.reactivex.rxjava3.subscribers.TestSubscriberTest.errorInPredicate,1
io.reactivex.rxjava3.subscribers.TestSubscriberTest.assertTerminalEventNotReceived,1
io.reactivex.rxjava3.subscribers.TestSubscriberTest.noError2,1
io.reactivex.rxjava3.subscribers.TestSubscriberTest.noError3,1
io.reactivex.rxjava3.subscribers.TestSubscriberTest.noErrors,1
io.reactivex.rxjava3.subscribers.TestSubscriberTest.wrappingMockWhenUnsubscribeInvolved,1
io.reactivex.rxjava3.subscribers.TestSubscriberTest.onSubscribe,1
io.reactivex.rxjava3.subscribers.TestSubscriberTest.multipleErrors3,1
io.reactivex.rxjava3.subscribers.TestSubscriberTest.multipleErrors4,1
io.reactivex.rxjava3.subscribers.TestSubscriberTest.assertValuesOnlyThrowsWhenErrored,1
io.reactivex.rxjava3.subscribers.TestSubscriberTest.multipleErrors,1
io.reactivex.rxjava3.subscribers.TestSubscriberTest.completeWithoutOnSubscribe,1
io.reactivex.rxjava3.subscribers.TestSubscriberTest.timeoutIndicated2,1
io.reactivex.rxjava3.subscribers.TestSubscriberTest.timeoutIndicated3,1
io.reactivex.rxjava3.subscribers.TestSubscriberTest.noValues,1
io.reactivex.rxjava3.subscribers.TestSubscriberTest.awaitTerminalEventWithDuration,1
io.reactivex.rxjava3.subscribers.TestSubscriberTest.assertNotMatchValue,1
io.reactivex.rxjava3.subscribers.TestSubscriberTest.emptyObserverEnum,1
io.reactivex.rxjava3.subscribers.TestSubscriberTest.awaitCountTimeout,1
io.reactivex.rxjava3.subscribers.TestSubscriberTest.assertValueAtPredicateMatch,1
io.reactivex.rxjava3.subscribers.TestSubscriberTest.assertFailure,1
io.reactivex.rxjava3.subscribers.TestSubscriberTest.differentError,1
io.reactivex.rxjava3.subscribers.TestSubscriberTest.assertValueAtIndexInvalidIndex,1
io.reactivex.rxjava3.subscribers.TestSubscriberTest.createDelegate,1
io.reactivex.rxjava3.subscribers.TestSubscriberTest.valueCount,1
io.reactivex.rxjava3.subscribers.TestSubscriberTest.noTerminalEventBut1Error,1
io.reactivex.rxjava3.subscribers.TestSubscriberTest.noError,1
io.reactivex.rxjava3.subscribers.TestSubscriberTest.errorDelegateThrows,1
io.reactivex.rxjava3.internal.operators.single.SingleFromPublisherTest.isDisposed,1
io.reactivex.rxjava3.exceptions.CompositeExceptionTest.compositeExceptionWithNullInitCause,1
io.reactivex.rxjava3.exceptions.CompositeExceptionTest.reoccurringException,1
io.reactivex.rxjava3.exceptions.CompositeExceptionTest.exceptionOverview,1
io.reactivex.rxjava3.exceptions.CompositeExceptionTest.compositeExceptionFromChildThenParent,1
io.reactivex.rxjava3.exceptions.CompositeExceptionTest.emptyErrors,1
io.reactivex.rxjava3.exceptions.CompositeExceptionTest.messageCollection,1
io.reactivex.rxjava3.observers.TestObserverTest.completedMeansDisposed,1
io.reactivex.rxjava3.observers.TestObserverTest.awaitCountInterrupted,1
io.reactivex.rxjava3.observers.TestObserverTest.onNext,1
io.reactivex.rxjava3.observers.TestObserverTest.assertErrorMultiple,1
io.reactivex.rxjava3.observers.TestObserverTest.assertValuePredicateMatch,1
io.reactivex.rxjava3.observers.TestObserverTest.errorInPredicate,1
io.reactivex.rxjava3.observers.TestObserverTest.multipleTerminals,1
io.reactivex.rxjava3.observers.TestObserverTest.assertTerminalEventNotReceived,1
io.reactivex.rxjava3.observers.TestObserverTest.wrappingMockWhenUnsubscribeInvolved,1
io.reactivex.rxjava3.observers.TestObserverTest.assertValueAtIndexMatch,1
io.reactivex.rxjava3.observers.TestObserverTest.completeWithoutOnSubscribe,1
io.reactivex.rxjava3.observers.TestObserverTest.assertNotMatchCount,1
io.reactivex.rxjava3.observers.TestObserverTest.assertNotMatchValue,1
io.reactivex.rxjava3.observers.TestObserverTest.emptyObserverEnum,1
io.reactivex.rxjava3.observers.TestObserverTest.assertValueAtPredicateMatch,1
io.reactivex.rxjava3.observers.TestObserverTest.assertFailure,1
io.reactivex.rxjava3.observers.TestObserverTest.assertValueAtIndexInvalidIndexNegative,1
io.reactivex.rxjava3.observers.TestObserverTest.assertValueAtIndexInvalidIndex,1
io.reactivex.rxjava3.observers.TestObserverTest.createDelegate,1
io.reactivex.rxjava3.observers.TestObserverTest.assertValueAtInvalidIndexNegative,1
io.reactivex.rxjava3.internal.operators.maybe.MaybeSwitchOnNextTest.normal,1
io.reactivex.rxjava3.testsupport.TestSubscriberExTest.assertNeverAtNotMatchingPredicate,1
io.reactivex.rxjava3.testsupport.TestSubscriberExTest.completed,1
io.reactivex.rxjava3.testsupport.TestSubscriberExTest.disposeIndicated,1
io.reactivex.rxjava3.testsupport.TestSubscriberExTest.notCompleted,1
io.reactivex.rxjava3.testsupport.TestSubscriberExTest.errors,1
io.reactivex.rxjava3.testsupport.TestSubscriberExTest.assertError2,1
io.reactivex.rxjava3.testsupport.TestSubscriberExTest.onNext,1
io.reactivex.rxjava3.testsupport.TestSubscriberExTest.assertResult,1
io.reactivex.rxjava3.testsupport.TestSubscriberExTest.onCompletedCrashCountsDownLatch,1
io.reactivex.rxjava3.testsupport.TestSubscriberExTest.differentError3,1
io.reactivex.rxjava3.testsupport.TestSubscriberExTest.differentError4,1
io.reactivex.rxjava3.testsupport.TestSubscriberExTest.assertValuePredicateEmpty,1
io.reactivex.rxjava3.testsupport.TestSubscriberExTest.assertValuePredicateMatch,1
io.reactivex.rxjava3.testsupport.TestSubscriberExTest.errorInPredicate,1
io.reactivex.rxjava3.testsupport.TestSubscriberExTest.assertTerminalEventNotReceived,1
io.reactivex.rxjava3.testsupport.TestSubscriberExTest.noError2,1
io.reactivex.rxjava3.testsupport.TestSubscriberExTest.noError3,1
io.reactivex.rxjava3.testsupport.TestSubscriberExTest.noErrors,1
io.reactivex.rxjava3.testsupport.TestSubscriberExTest.assertNeverAtMatchingPredicate,1
io.reactivex.rxjava3.testsupport.TestSubscriberExTest.wrappingMockWhenUnsubscribeInvolved,1
io.reactivex.rxjava3.testsupport.TestSubscriberExTest.onSubscribe,1
io.reactivex.rxjava3.testsupport.TestSubscriberExTest.multipleErrors3,1
io.reactivex.rxjava3.testsupport.TestSubscriberExTest.multipleErrors4,1
io.reactivex.rxjava3.testsupport.TestSubscriberExTest.assertValuesOnlyThrowsWhenErrored,1
io.reactivex.rxjava3.testsupport.TestSubscriberExTest.multipleErrors,1
io.reactivex.rxjava3.testsupport.TestSubscriberExTest.completeWithoutOnSubscribe,1
io.reactivex.rxjava3.testsupport.TestSubscriberExTest.timeoutIndicated2,1
io.reactivex.rxjava3.testsupport.TestSubscriberExTest.timeoutIndicated3,1
io.reactivex.rxjava3.testsupport.TestSubscriberExTest.noValues,1
io.reactivex.rxjava3.testsupport.TestSubscriberExTest.fusionModeToString,1
io.reactivex.rxjava3.testsupport.TestSubscriberExTest.assertNeverAtNotMatchingValue,1
io.reactivex.rxjava3.testsupport.TestSubscriberExTest.emptyObserverEnum,1
io.reactivex.rxjava3.testsupport.TestSubscriberExTest.assertValuesOnly,1
io.reactivex.rxjava3.testsupport.TestSubscriberExTest.assertFuseable,1
io.reactivex.rxjava3.testsupport.TestSubscriberExTest.requestMore,1
io.reactivex.rxjava3.testsupport.TestSubscriberExTest.assertValueAtPredicateMatch,1
io.reactivex.rxjava3.testsupport.TestSubscriberExTest.assertFailure,1
io.reactivex.rxjava3.testsupport.TestSubscriberExTest.createDelegate,1
io.reactivex.rxjava3.testsupport.TestSubscriberExTest.multipleCompletions,1
io.reactivex.rxjava3.testsupport.TestSubscriberExTest.valueCount,1
io.reactivex.rxjava3.testsupport.TestSubscriberExTest.assertNotSubscribed,1
io.reactivex.rxjava3.testsupport.TestSubscriberExTest.noTerminalEventBut1Error,1
io.reactivex.rxjava3.testsupport.TestSubscriberExTest.noError,1
io.reactivex.rxjava3.testsupport.TestSubscriberExTest.errorDelegateThrows,1