io.reactivex.rxjava3.internal.operators.flowable.FlowableFlatMapTest.fusedInnerThrows,27250617
io.reactivex.rxjava3.internal.operators.flowable.FlowableGroupByTest.unsubscribeOnNestedTakeAndAsyncInfiniteStream,3250000
io.reactivex.rxjava3.internal.operators.flowable.FlowableFlatMapTest.fusedInnerCrash,2857211
io.reactivex.rxjava3.internal.operators.flowable.FlowableGroupByTest.groupByBackpressure3,559206
io.reactivex.rxjava3.internal.operators.flowable.FlowableGroupByTest.firstGroupsCompleteAndParentSlowToThenEmitFinalGroupsWhichThenSubscribesOnAndDelaysAndThenCompletes,502411
io.reactivex.rxjava3.internal.operators.flowable.FlowableMergeTest.shouldNotReceivedDelayedErrorWhileThereAreStillScalarSynchronousEmissionsInTheQueue,474165
io.reactivex.rxjava3.internal.operators.flowable.FlowableMergeMaxConcurrentTest.take,308100
io.reactivex.rxjava3.internal.operators.flowable.FlowableMergeMaxConcurrentTest.mergeALotOfSourcesOneByOneSynchronously,299532
io.reactivex.rxjava3.internal.operators.flowable.FlowableGroupByTest.issue6982Case2,191721
io.reactivex.rxjava3.internal.operators.flowable.FlowableGroupByTest.doubleOnSubscribe,104299
io.reactivex.rxjava3.internal.operators.flowable.FlowableMergeTest.merge100AsyncStreamOf1,101139
io.reactivex.rxjava3.internal.operators.flowable.FlowableMergeTest.shouldNotCompleteIfThereArePendingScalarSynchronousEmissionsWhenTheLastInnerSubscriberCompletes,47725
io.reactivex.rxjava3.internal.schedulers.SchedulerWhenTest.scheduledActiondisposedSetRace,47491
io.reactivex.rxjava3.processors.MulticastProcessorTest.crossCancel1,36490
io.reactivex.rxjava3.processors.MulticastProcessorTest.onErrorNull,21592
io.reactivex.rxjava3.internal.operators.flowable.FlowableAmbTest.ambArrayEmpty,20000
io.reactivex.rxjava3.internal.operators.flowable.FlowableAmbTest.onNextRace,20000
io.reactivex.rxjava3.internal.operators.flowable.FlowableAmbTest.multipleUse,20000
io.reactivex.rxjava3.internal.operators.completable.CompletableAmbTest.nullSourceSuccessRace,20000
io.reactivex.rxjava3.internal.operators.completable.CompletableAmbTest.untilCompletableMainComplete,20000
io.reactivex.rxjava3.internal.operators.flowable.FlowableMergeMaxConcurrentTest.simpleOneLessAsync,12418
io.reactivex.rxjava3.processors.MulticastProcessorTest.crossCancelComplete,10328
io.reactivex.rxjava3.processors.MulticastProcessorTest.error,10251
io.reactivex.rxjava3.processors.MulticastProcessorTest.requestUpstreamPrefetchNonFused,10000
io.reactivex.rxjava3.processors.MulticastProcessorTest.requestCancel,10000
io.reactivex.rxjava3.internal.operators.flowable.FlowableFlatMapTest.signalsAfterMapperCrash,10000
io.reactivex.rxjava3.internal.operators.flowable.FlowableMergeTest.mergeConcurrentJustJust,10000
io.reactivex.rxjava3.processors.AsyncProcessorTest.onErrorCancelRace,9393
io.reactivex.rxjava3.internal.operators.mixed.FlowableSwitchMapMaybeTest.mainErrorAfterTermination,8405
io.reactivex.rxjava3.internal.operators.mixed.ObservableSwitchMapMaybeTest.mainErrorAfterTermination,6749
io.reactivex.rxjava3.internal.operators.flowable.FlowableFlatMapTest.flatMapBiMapper,5557
io.reactivex.rxjava3.internal.operators.completable.CompletableAmbTest.noWinnerCompleteDispose,5022
io.reactivex.rxjava3.internal.operators.flowable.FlowableMergeTest.backpressureBothUpstreamAndDownstreamWithSynchronousScalarFlowables,5000
io.reactivex.rxjava3.internal.operators.maybe.MaybeZipArrayTest.zipperThrows,5000
io.reactivex.rxjava3.internal.operators.flowable.FlowableAmbTest.iteratorThrows,5000
io.reactivex.rxjava3.internal.operators.flowable.FlowableAmbTest.noWinnerCompleteDispose,5000
io.reactivex.rxjava3.internal.operators.flowable.FlowableAmbTest.nullIterableElement,5000
io.reactivex.rxjava3.internal.operators.completable.CompletableAmbTest.ambWithOrder,5000
io.reactivex.rxjava3.internal.operators.flowable.FlowableDelayTest.delaySupplierErrors,4288
io.reactivex.rxjava3.internal.operators.flowable.FlowableDelayTest.delaySupplierCompletes,3360
io.reactivex.rxjava3.internal.operators.mixed.FlowableSwitchMapMaybeTest.doubleOnSubscribe,2990
io.reactivex.rxjava3.internal.operators.completable.CompletableCacheTest.subscribeRace,2922
io.reactivex.rxjava3.internal.operators.observable.ObservableWindowWithStartEndObservableTest.dispose,2769
io.reactivex.rxjava3.subjects.BehaviorSubjectTest.hasObservers,2727
io.reactivex.rxjava3.internal.operators.flowable.FlowableGroupByTest.groupByWithElementSelector,2629
io.reactivex.rxjava3.subjects.MaybeSubjectTest.dispose,2555
io.reactivex.rxjava3.parallel.ParallelRunOnTest.conditionalCancelAfterRequest1,2500
io.reactivex.rxjava3.parallel.ParallelRunOnTest.asManyItemsAsRequestedConditional,2500
io.reactivex.rxjava3.internal.operators.observable.ObservableBufferTest.skipAndCountOverlappingBuffers,2500
io.reactivex.rxjava3.internal.operators.flowable.FlowableGroupByTest.backpressureObserveOnOuterMissingBackpressure,2480
io.reactivex.rxjava3.internal.operators.mixed.FlowableSwitchMapMaybeTest.limit,2435
io.reactivex.rxjava3.internal.operators.flowable.FlowableGroupByTest.cancelOverFlatmapRace,2421
io.reactivex.rxjava3.internal.operators.mixed.ObservableSwitchMapMaybeTest.nextCancelRace,2194
io.reactivex.rxjava3.internal.operators.flowable.FlowableMergeMaxConcurrentTest.simple,2091
io.reactivex.rxjava3.parallel.ParallelJoinTest.overflowFastpathDelayError,1852
io.reactivex.rxjava3.observable.ObservableTest.customObservableWithErrorInObservableSynchronous,1779
io.reactivex.rxjava3.internal.operators.flowable.FlowableGroupByTest.groupByUnsubscribe,1680
io.reactivex.rxjava3.internal.operators.flowable.FlowableGroupByTest.requestOverflow,1638
io.reactivex.rxjava3.internal.operators.flowable.FlowableGroupByTest.mapFactoryWithExpiringGuavaCacheDemonstrationCodeForUseInJavadoc,1557
io.reactivex.rxjava3.internal.operators.flowable.FlowableGroupByTest.fusedGroupClearedOnCancel,1301
io.reactivex.rxjava3.internal.jdk8.MaybeFlattenStreamAsObservableTest.nextThrowsInDrain,1183
io.reactivex.rxjava3.internal.operators.mixed.ObservableSwitchMapMaybeTest.take,1068
io.reactivex.rxjava3.internal.operators.flowable.FlowableRetryTest.retryFail,1034
io.reactivex.rxjava3.internal.operators.flowable.FlowableRetryTest.noCancelPreviousRetryWhile2,1034
io.reactivex.rxjava3.internal.operators.flowable.FlowableFlatMapTest.flatMapTransformsMergeException,1021
io.reactivex.rxjava3.internal.operators.flowable.FlowableGroupByTest.mapFactoryThrows,1001
io.reactivex.rxjava3.internal.operators.flowable.FlowableMergeTest.backpressureBothUpstreamAndDownstreamWithRegularFlowables,1000
io.reactivex.rxjava3.internal.operators.flowable.FlowableMergeTest.flatMapMaxConcurrentJustJust,1000
io.reactivex.rxjava3.internal.operators.flowable.FlowableMergeTest.backpressureDownstreamWithConcurrentStreams,1000
io.reactivex.rxjava3.internal.operators.flowable.FlowableGroupByTest.issue6974Part2Case2,801
io.reactivex.rxjava3.internal.operators.flowable.FlowableGroupByTest.abandonedGroupsNoDataloss,774
io.reactivex.rxjava3.schedulers.TestSchedulerTest.workerDisposed,770
io.reactivex.rxjava3.internal.operators.flowable.FlowableMergeTest.mergeArrayMaxConcurrent,651
io.reactivex.rxjava3.schedulers.TrampolineSchedulerTest.observeOn,505
io.reactivex.rxjava3.internal.jdk8.ParallelFlatMapStreamTest.subscriberCount,496
io.reactivex.rxjava3.internal.jdk8.ParallelFlatMapStreamTest.mixed,496
io.reactivex.rxjava3.internal.operators.observable.BlockingObservableToFutureTest.toFutureList,496
io.reactivex.rxjava3.internal.operators.flowable.FlowableWindowWithTimeTest.windowAbandonmentCancelsUpstreamExactTimeAndSize,390
io.reactivex.rxjava3.internal.operators.flowable.FlowableMergeTest.noInnerReordering,300
io.reactivex.rxjava3.internal.operators.flowable.FlowableMergeMaxConcurrentTest.simpleOneLess,300
io.reactivex.rxjava3.internal.operators.flowable.FlowableFlatMapTest.flatMapTransformsNormal,256
io.reactivex.rxjava3.internal.operators.flowable.FlowableFlatMapTest.flatMapTransformsOnNextFuncThrows,256
io.reactivex.rxjava3.processors.AsyncProcessorTest.onNextNull,231
io.reactivex.rxjava3.internal.operators.single.SingleCreateTest.basicWithError,160
io.reactivex.rxjava3.internal.operators.flowable.FlowableGroupByTest.groupByWithNullKey,133
io.reactivex.rxjava3.internal.operators.flowable.FlowableMergeDelayErrorTest.mergeIterableDelayErrorWithErrorMaxConcurrency,131
io.reactivex.rxjava3.internal.operators.flowable.FlowableGroupByTest.backpressureInnerDoesntOverflowOuterMissingBackpressure,113
io.reactivex.rxjava3.internal.operators.flowable.FlowableMergeTest.unSubscribeFlowableOfFlowables,106
io.reactivex.rxjava3.internal.operators.maybe.MaybeCountTest.isDisposed,58
io.reactivex.rxjava3.internal.operators.flowable.FlowableMergeTest.fastMergeHiddenScalar,53
io.reactivex.rxjava3.internal.operators.flowable.FlowableMergeTest.mergeRequestOverflow,38
io.reactivex.rxjava3.internal.operators.flowable.FlowableReduceTest.aggregateAsIntSumAccumulatorThrowsFlowable,36
io.reactivex.rxjava3.internal.operators.flowable.FlowableMergeTest.merge10000SyncStreamOf10,35
io.reactivex.rxjava3.internal.operators.completable.CompletableAmbTest.ambRace,33
io.reactivex.rxjava3.internal.operators.flowable.FlowableReduceTest.errorFlowable,33
io.reactivex.rxjava3.internal.operators.flowable.FlowableAmbTest.noWinnerSuccessDispose,32
io.reactivex.rxjava3.flowable.FlowableBackpressureTests.subscribeOnScheduling,26
io.reactivex.rxjava3.internal.operators.flowable.FlowableMergeTest.earlyUnsubscribe,24
io.reactivex.rxjava3.schedulers.ComputationSchedulerTests.nestedScheduling,22
io.reactivex.rxjava3.schedulers.ExecutorSchedulerTest.nestedScheduling,19
io.reactivex.rxjava3.schedulers.ExecutorSchedulerFairTest.nestedScheduling,19
io.reactivex.rxjava3.schedulers.NewThreadSchedulerTest.nestedScheduling,19
io.reactivex.rxjava3.schedulers.ExecutorSchedulerInterruptibleTest.nestedScheduling,19
io.reactivex.rxjava3.schedulers.CachedThreadSchedulerTest.nestedScheduling,18
io.reactivex.rxjava3.parallel.ParallelJoinTest.delayErrorCancelBackpressured2,16
io.reactivex.rxjava3.internal.operators.flowable.FlowableFlatMapTest.noCrossBoundaryFusion,14
io.reactivex.rxjava3.internal.operators.flowable.FlowableFlatMapTest.flatMapBiMapperWithError,13
io.reactivex.rxjava3.flowable.FlowableConversionTest.conversionBetweenObservableClasses,12
io.reactivex.rxjava3.internal.jdk8.ParallelMapOptionalTest.allNone,12
io.reactivex.rxjava3.internal.jdk8.ParallelMapOptionalTest.allNoneConditional,12
io.reactivex.rxjava3.internal.operators.flowable.FlowableGroupByTest.staggeredCompletion,10
io.reactivex.rxjava3.internal.schedulers.SingleSchedulerTest.nestedScheduling,10
io.reactivex.rxjava3.internal.operators.flowable.FlowableDelayTest.delayWithFlowableDelayFunctionThrows,10
io.reactivex.rxjava3.processors.PublishProcessorTest.currentStateMethodsNormal,10
io.reactivex.rxjava3.schedulers.TrampolineSchedulerTest.nestedScheduling,10
io.reactivex.rxjava3.subjects.BehaviorSubjectTest.completedAfterErrorIsNotSent,10
io.reactivex.rxjava3.internal.operators.flowable.FlowableWindowWithTimeTest.nextWindowMissingBackpressureDrainOnSize,10
io.reactivex.rxjava3.maybe.MaybeTest.doOnSubscribe,9
io.reactivex.rxjava3.parallel.ParallelFlowableTest.filter,9
io.reactivex.rxjava3.parallel.ParallelMapTest.mapCrashConditional,8
io.reactivex.rxjava3.parallel.ParallelMapTest.mapCrashConditional2,8
io.reactivex.rxjava3.parallel.ParallelFilterTest.doubleError,8
io.reactivex.rxjava3.parallel.ParallelFilterTest.subscriberCount,8
io.reactivex.rxjava3.parallel.ParallelFilterTest.doubleFilter,8
io.reactivex.rxjava3.parallel.ParallelFilterTest.predicateThrows,8
io.reactivex.rxjava3.parallel.ParallelFilterTest.doubleOnSubscribeConditional,8
io.reactivex.rxjava3.maybe.MaybeTest.zip9,8
io.reactivex.rxjava3.internal.jdk8.ParallelMapTryOptionalTest.mapFailWithRetryLimitedConditional,8
io.reactivex.rxjava3.internal.jdk8.ParallelMapTryOptionalTest.mapFailWithError,8
io.reactivex.rxjava3.internal.jdk8.ParallelMapTryOptionalTest.mapFailWithStopConditional,8
io.reactivex.rxjava3.internal.jdk8.ParallelMapTryOptionalTest.mixed,8
io.reactivex.rxjava3.internal.jdk8.ParallelMapTryOptionalTest.mapFailWithRetryLimited,8
io.reactivex.rxjava3.internal.jdk8.ParallelMapTryOptionalTest.mapFailWithSkipConditional,8
io.reactivex.rxjava3.parallel.ParallelMapTryTest.mapFailWithError,8
io.reactivex.rxjava3.parallel.ParallelMapTryTest.mapFailWithStopConditional,8
io.reactivex.rxjava3.parallel.ParallelMapTryTest.mapFailWithSkipConditional,8
io.reactivex.rxjava3.internal.jdk8.ParallelMapOptionalTest.doubleError,8
io.reactivex.rxjava3.internal.jdk8.ParallelMapOptionalTest.doubleOnSubscribe,8
io.reactivex.rxjava3.internal.jdk8.ParallelMapOptionalTest.doubleFilter,8
io.reactivex.rxjava3.internal.jdk8.ParallelMapOptionalTest.mapCrashConditional2,8
io.reactivex.rxjava3.internal.operators.observable.ObservableReplayEagerTruncateTest.connectConsumerThrows,8
io.reactivex.rxjava3.internal.operators.flowable.FlowableFlatMapTest.someConcurrencyScalarInnerCancel,7
io.reactivex.rxjava3.maybe.MaybeTest.zip8,7
io.reactivex.rxjava3.internal.operators.flowable.FlowableCountTest.simpleFlowable,6
io.reactivex.rxjava3.maybe.MaybeTest.mergeIterable,6
io.reactivex.rxjava3.maybe.MaybeTest.zip7,6
io.reactivex.rxjava3.internal.operators.flowable.FlowableDelayTest.dispose,6
io.reactivex.rxjava3.internal.jdk8.ParallelMapTryOptionalTest.mixedConditional2,6
io.reactivex.rxjava3.parallel.ParallelMapTryTest.mapWrongParallelism,6
io.reactivex.rxjava3.internal.jdk8.ParallelMapOptionalTest.error,6
io.reactivex.rxjava3.processors.AsyncProcessorTest.neverCompleted,5
io.reactivex.rxjava3.internal.operators.flowable.FlowableGroupByTest.issue6974Part2Case1ObserveOnHide,5
io.reactivex.rxjava3.internal.operators.flowable.FlowableGroupByTest.groupByShouldPropagateError,5
io.reactivex.rxjava3.flowable.FlowableCovarianceTest.covarianceOfCompose2,5
io.reactivex.rxjava3.internal.operators.flowable.FlowableMergeDelayErrorTest.array,5
io.reactivex.rxjava3.maybe.MaybeTest.zip6,5
io.reactivex.rxjava3.internal.operators.flowable.FlowableFlattenIterableTest.normal,5
io.reactivex.rxjava3.internal.schedulers.SchedulerWhenTest.raceConditions,5
io.reactivex.rxjava3.internal.schedulers.SchedulerWhenTest.syncDelaySubscription,5
io.reactivex.rxjava3.internal.schedulers.SchedulerWhenTest.syncMaxConcurrent,5
io.reactivex.rxjava3.internal.operators.maybe.MaybeJustTest.scalarSupplier,5
io.reactivex.rxjava3.parallel.ParallelFlowableTest.collect,5
io.reactivex.rxjava3.parallel.ParallelMapTest.subscriberCount,4
io.reactivex.rxjava3.parallel.ParallelMapTest.doubleFilter,4
io.reactivex.rxjava3.parallel.ParallelMapTest.conditionalCancelIgnored,4
io.reactivex.rxjava3.parallel.ParallelFilterTest.conditionalFalseTrue,4
io.reactivex.rxjava3.parallel.ParallelFilterTest.doubleError2,4
io.reactivex.rxjava3.internal.operators.flowable.FlowableMergeDelayErrorTest.errorDelayed3,4
io.reactivex.rxjava3.internal.operators.flowable.FlowableMergeDelayErrorTest.errorDelayed4,4
io.reactivex.rxjava3.internal.operators.flowable.FlowableMergeDelayErrorTest.errorDelayed4WithThreading,4
io.reactivex.rxjava3.internal.operators.flowable.FlowableFlatMapTest.fusedInnerThrows2,4
io.reactivex.rxjava3.internal.operators.flowable.FlowableFlatMapTest.mergeScalar,4
io.reactivex.rxjava3.internal.operators.flowable.FlowableFlatMapTest.scalarQueueTerminate,4
io.reactivex.rxjava3.maybe.MaybeTest.zip5,4
io.reactivex.rxjava3.internal.jdk8.ParallelMapTryOptionalTest.mapWrongParallelismConditional,4
io.reactivex.rxjava3.internal.jdk8.ParallelMapTryOptionalTest.allNone,4
io.reactivex.rxjava3.internal.jdk8.ParallelMapTryOptionalTest.mapInvalidSource,4
io.reactivex.rxjava3.internal.jdk8.ParallelMapTryOptionalTest.mapConditionalNoError,4
io.reactivex.rxjava3.internal.jdk8.ParallelMapTryOptionalTest.invalidSubscriberCount,4
io.reactivex.rxjava3.parallel.ParallelDoOnNextTryTest.doOnNextFailWithSkip,4
io.reactivex.rxjava3.parallel.ParallelDoOnNextTryTest.doOnNextFailWithSkipConditional,4
io.reactivex.rxjava3.parallel.ParallelDoOnNextTryTest.doOnNextFailWithErrorConditional,4
io.reactivex.rxjava3.internal.operators.flowable.FlowableAmbTest.secondaryRequestsPropagatedToChildren,4
io.reactivex.rxjava3.parallel.ParallelMapTryTest.mapWrongParallelismConditional,4
io.reactivex.rxjava3.parallel.ParallelMapTryTest.mapInvalidSource,4
io.reactivex.rxjava3.parallel.ParallelMapTryTest.mapConditionalNoError,4
io.reactivex.rxjava3.internal.jdk8.ParallelMapOptionalTest.doubleFilterAsync,4
io.reactivex.rxjava3.internal.jdk8.ParallelMapOptionalTest.mapCrashConditional,4
io.reactivex.rxjava3.internal.jdk8.ParallelMapOptionalTest.mixed,4
io.reactivex.rxjava3.internal.jdk8.ParallelMapOptionalTest.mapCrash,4
io.reactivex.rxjava3.internal.jdk8.ParallelMapOptionalTest.invalidSubscriberCount,4
io.reactivex.rxjava3.parallel.ParallelFilterTryTest.filterFailWithSkipConditional,4
io.reactivex.rxjava3.parallel.ParallelFilterTryTest.doubleOnSubscribe,4
io.reactivex.rxjava3.parallel.ParallelFilterTryTest.filterErrorNoError,4
io.reactivex.rxjava3.parallel.ParallelFilterTryTest.filterNoError,4
io.reactivex.rxjava3.internal.operators.flowable.FlowableWindowWithTimeTest.cancellingWindowCancelsUpstreamExactTimeSkip,4
io.reactivex.rxjava3.parallel.ParallelFlowableTest.concatMapDelayErrorPrefetch,4
io.reactivex.rxjava3.parallel.ParallelFlowableTest.doAfterNextThrows,4
io.reactivex.rxjava3.internal.operators.flowable.FlowablePublishTest.subscribeDisconnectRace,3
io.reactivex.rxjava3.processors.MulticastProcessorTest.requestCancelRace,3
io.reactivex.rxjava3.internal.operators.flowable.FlowableGroupJoinTest.completeWithMoreWork,3
io.reactivex.rxjava3.internal.operators.flowable.FlowableGroupByTest.delayErrorCompleteMoreWorkInGroup,3
io.reactivex.rxjava3.internal.operators.flowable.FlowableGroupByTest.keyAndValueSelectorAndDelayError,3
io.reactivex.rxjava3.internal.operators.flowable.FlowableGroupByTest.error2,3
io.reactivex.rxjava3.internal.operators.flowable.FlowableGroupByTest.issue6974Part2Case1NoEvict,3
io.reactivex.rxjava3.internal.operators.flowable.FlowableGroupByTest.exceptionIfSubscribeToChildMoreThanOnce,3
io.reactivex.rxjava3.internal.operators.flowable.FlowableGroupByTest.outerInnerFusion,3
io.reactivex.rxjava3.internal.operators.flowable.FlowableGroupByTest.unsubscribeOnNestedTakeAndSyncInfiniteStream,3
io.reactivex.rxjava3.schedulers.ExecutorSchedulerFairTest.runnableDisposedAsync2,3
io.reactivex.rxjava3.schedulers.ExecutorSchedulerFairTest.runnableDisposedAsyncCrash,3
io.reactivex.rxjava3.internal.operators.flowable.FlowableRetryTest.retrySubscribesAgainAfterError,3
io.reactivex.rxjava3.internal.operators.flowable.FlowableMergeDelayErrorTest.mergeIterableDelayErrorWithError,3
io.reactivex.rxjava3.internal.operators.flowable.FlowableFlatMapTest.scalarInnerOuterOverflowSlowPath,3
io.reactivex.rxjava3.internal.operators.flowable.FlowableFlatMapTest.rangeEmptyMixtureMaxConcurrent,3
io.reactivex.rxjava3.maybe.MaybeTest.zip4,3
io.reactivex.rxjava3.internal.operators.flowable.FlowableMergeTest.backpressureUpstream2,3
io.reactivex.rxjava3.internal.operators.flowable.FlowableMergeTest.error1,3
io.reactivex.rxjava3.internal.operators.flowable.FlowableMergeTest.mergeArray,3
io.reactivex.rxjava3.internal.operators.flowable.FlowableMergeTest.shouldCompleteAfterApplyingBackpressure_NormalPath,3
io.reactivex.rxjava3.internal.operators.flowable.FlowableMergeTest.mergeList,3
io.reactivex.rxjava3.internal.operators.flowable.FlowableDelayTest.delayWithTimeDelayError,3
io.reactivex.rxjava3.internal.operators.maybe.MaybeZipArrayTest.bothSucceed,3
io.reactivex.rxjava3.internal.operators.flowable.FlowableAmbTest.subscriptionOnlyHappensOnce,3
io.reactivex.rxjava3.internal.operators.flowable.FlowableAmbTest.amb2,3
io.reactivex.rxjava3.internal.operators.flowable.FlowableAmbTest.amb3,3
io.reactivex.rxjava3.internal.operators.flowable.FlowableAmbTest.disposed,3
io.reactivex.rxjava3.subjects.BehaviorSubjectTest.addRemoveRace,3
io.reactivex.rxjava3.subjects.MaybeSubjectTest.addRemoveRace,3
io.reactivex.rxjava3.internal.operators.flowable.FlowableWindowWithStartEndFlowableTest.startError,3
io.reactivex.rxjava3.internal.operators.flowable.FlowableWindowWithTimeTest.windowAbandonmentCancelsUpstreamExactTimeSkip,3
io.reactivex.rxjava3.parallel.ParallelFlowableTest.parallelMode,3
io.reactivex.rxjava3.parallel.ParallelFlowableTest.parallelismAndPrefetchAsync,3
io.reactivex.rxjava3.processors.MulticastProcessorTest.afterTerminated,2
io.reactivex.rxjava3.processors.MulticastProcessorTest.longRunning,2
io.reactivex.rxjava3.internal.operators.flowable.FlowableGroupByTest.nullKeyTakeInner,2
io.reactivex.rxjava3.internal.operators.flowable.FlowableGroupByTest.issue6974Part2Case1ObserveOnNoCapHide,2
io.reactivex.rxjava3.internal.operators.flowable.FlowableGroupByTest.groupSyncFusionRejected,2
io.reactivex.rxjava3.internal.operators.observable.BlockingObservableMostRecentTest.mostRecent,2
io.reactivex.rxjava3.internal.operators.flowable.FlowableWindowWithSizeTest.badRequestOverlap,2
io.reactivex.rxjava3.internal.operators.flowable.FlowableWindowWithSizeTest.errorOverlap,2
io.reactivex.rxjava3.internal.operators.flowable.FlowableWindowWithSizeTest.cancelAfterAbandonmentSize,2
io.reactivex.rxjava3.internal.operators.flowable.FlowableWindowWithSizeTest.skipAndCountWindowsWithGaps,2
io.reactivex.rxjava3.internal.operators.flowable.FlowableWindowWithSizeTest.errorOverlapInner,2
io.reactivex.rxjava3.internal.operators.flowable.FlowableToListTest.onNextCancelRaceFlowable,2
io.reactivex.rxjava3.internal.operators.mixed.CompletableAndThenObservableTest.cancelOther,2
io.reactivex.rxjava3.internal.operators.observable.ObservableRefCountTest.alreadyUnsubscribedInterleavesWithClient,2
io.reactivex.rxjava3.internal.operators.flowable.FlowableMapTest.sourceIgnoresCancel,2
io.reactivex.rxjava3.internal.operators.flowable.FlowableMapTest.mapFilterMapperCrash,2
io.reactivex.rxjava3.internal.operators.flowable.FlowableWindowWithFlowableTest.boundaryDirectSecondMissingBackpressure,2
io.reactivex.rxjava3.internal.operators.flowable.FlowableWindowWithFlowableTest.mainNextBoundaryNextRace,2
io.reactivex.rxjava3.internal.operators.observable.ObservablePublishTest.connectWithNoSubscriber,2
io.reactivex.rxjava3.completable.CompletableTest.concatIterableOneThrows,2
io.reactivex.rxjava3.completable.CompletableTest.subscribeActionReportsUnsubscribed,2
io.reactivex.rxjava3.completable.CompletableTest.andThen,2
io.reactivex.rxjava3.completable.CompletableTest.fromSingleThrows,2
io.reactivex.rxjava3.completable.CompletableTest.concatObservableSingleThrows,2
io.reactivex.rxjava3.completable.CompletableTest.retryTimes5Error,2
io.reactivex.rxjava3.completable.CompletableTest.startWithObservableNormal,2
io.reactivex.rxjava3.completable.CompletableTest.retryBiPredicate5Times,2
io.reactivex.rxjava3.completable.CompletableTest.fromCallableThrows,2
io.reactivex.rxjava3.completable.CompletableTest.mergeMultipleOneIsNull,2
io.reactivex.rxjava3.parallel.ParallelMapTest.error,2
io.reactivex.rxjava3.parallel.ParallelRunOnTest.nextCancelRaceBackpressuredConditional,2
io.reactivex.rxjava3.internal.operators.observable.ObservableFirstTest.firstOrErrorErrorObservable,2
io.reactivex.rxjava3.internal.subscriptions.ScalarSubscriptionTest.badRequest,2
io.reactivex.rxjava3.internal.operators.flowable.FlowableMergeDelayErrorTest.delayErrorMaxConcurrent,2
io.reactivex.rxjava3.internal.operators.flowable.FlowableMergeDelayErrorTest.mergeIterableDelayErrorMaxConcurrency,2
io.reactivex.rxjava3.internal.operators.flowable.FlowableMergeDelayErrorTest.errorDelayed1,2
io.reactivex.rxjava3.internal.operators.flowable.FlowableMergeDelayErrorTest.errorDelayed2,2
io.reactivex.rxjava3.internal.operators.flowable.FlowableMergeDelayErrorTest.compositeErrorDelayed2,2
io.reactivex.rxjava3.internal.operators.flowable.FlowableMergeDelayErrorTest.synchronousError,2
io.reactivex.rxjava3.internal.operators.flowable.FlowableMergeDelayErrorTest.mergeList,2
io.reactivex.rxjava3.internal.operators.flowable.FlowableMergeDelayErrorTest.mergeDelayError3,2
io.reactivex.rxjava3.internal.operators.flowable.FlowableMergeDelayErrorTest.mergeFlowableOfFlowables,2
io.reactivex.rxjava3.internal.operators.flowable.FlowableMergeDelayErrorTest.mergeDelayError,2
io.reactivex.rxjava3.internal.operators.flowable.FlowableFlatMapTest.flatMapEmpty,2
io.reactivex.rxjava3.internal.operators.flowable.FlowableFlatMapTest.cancelScalarDrainRace,2
io.reactivex.rxjava3.internal.operators.flowable.FlowableFlatMapTest.resultFunctionThrows,2
io.reactivex.rxjava3.internal.operators.flowable.FlowableFlatMapTest.flatMapTransformsMaxConcurrentNormalLoop,2
io.reactivex.rxjava3.maybe.MaybeTest.ambIterable1SignalsSuccess,2
io.reactivex.rxjava3.maybe.MaybeTest.zip3,2
io.reactivex.rxjava3.internal.operators.flowable.FlowableMergeTest.mergeManyAsyncSingle,2
io.reactivex.rxjava3.internal.operators.flowable.FlowableMergeTest.delayedErrorsShouldBeEmittedWhenCompleteAfterApplyingBackpressure_FastPath,2
io.reactivex.rxjava3.internal.operators.flowable.FlowableMergeTest.flatMapJustJust,2
io.reactivex.rxjava3.internal.operators.flowable.FlowableMergeTest.merge2000AsyncStreamOf100,2
io.reactivex.rxjava3.internal.operators.flowable.FlowableMergeTest.synchronizationOfMultipleSequences,2
io.reactivex.rxjava3.internal.operators.flowable.FlowableMergeTest.merge10AsyncStreamOf1000,2
io.reactivex.rxjava3.internal.operators.flowable.FlowableMergeTest.mergeFlowableOfFlowables,2
io.reactivex.rxjava3.internal.jdk8.FlowableFlatMapStreamTest.upstreamCancelled,2
io.reactivex.rxjava3.internal.operators.maybe.MaybeDoOnTerminateTest.doOnTerminateComplete,2
io.reactivex.rxjava3.internal.operators.observable.ObservableDoOnUnsubscribeTest.noReentrantDispose,2
io.reactivex.rxjava3.flowable.FlowableTests.publishLast,2
io.reactivex.rxjava3.internal.operators.flowable.FlowablePublishFunctionTest.noUpstreamCancelOnCasualChainClose,2
io.reactivex.rxjava3.internal.operators.flowable.FlowablePublishFunctionTest.completeCancelRaceNoRequest,2
io.reactivex.rxjava3.internal.operators.flowable.FlowablePublishFunctionTest.invalidPrefetch,2
io.reactivex.rxjava3.flowable.FlowableMergeTests.mergeCovariance3,2
io.reactivex.rxjava3.flowable.FlowableMergeTests.mergeCovariance4,2
io.reactivex.rxjava3.flowable.FlowableMergeTests.covarianceOfMerge,2
io.reactivex.rxjava3.internal.operators.completable.CompletableFromSupplierTest.fromActionErrorsDisposed,2
io.reactivex.rxjava3.internal.operators.maybe.MaybeZipArrayTest.zipperReturnsNull,2
io.reactivex.rxjava3.internal.operators.maybe.MaybeZipArrayTest.oneSourceOnly,2
io.reactivex.rxjava3.internal.operators.maybe.MaybeZipArrayTest.firstError,2
io.reactivex.rxjava3.internal.operators.maybe.MaybeZipArrayTest.secondError,2
io.reactivex.rxjava3.internal.operators.maybe.MaybeZipArrayTest.dispose2,2
io.reactivex.rxjava3.internal.operators.maybe.MaybeZipArrayTest.bothComplete,2
io.reactivex.rxjava3.internal.operators.maybe.MaybeZipArrayTest.dispose,2
io.reactivex.rxjava3.validators.BaseTypeAnnotations.backpressureSupportSingle,2
io.reactivex.rxjava3.internal.jdk8.ParallelMapTryOptionalTest.mapErrorNoError,2
io.reactivex.rxjava3.internal.jdk8.ParallelMapTryOptionalTest.mapFailWithRetryConditional,2
io.reactivex.rxjava3.internal.jdk8.ParallelMapTryOptionalTest.doubleOnSubscribe,2
io.reactivex.rxjava3.internal.jdk8.ParallelMapTryOptionalTest.mapFailHandlerThrows,2
io.reactivex.rxjava3.internal.jdk8.ParallelMapTryOptionalTest.mapFailHandlerThrowsConditional,2
io.reactivex.rxjava3.internal.operators.observable.ObservableSkipUntilTest.otherEmpty,2
io.reactivex.rxjava3.schedulers.TrampolineSchedulerTest.nestedTrampolineWithUnsubscribe,2
io.reactivex.rxjava3.observers.ResourceSingleObserverTest.startOnce,2
io.reactivex.rxjava3.internal.operators.flowable.FlowableAmbTest.backpressure,2
io.reactivex.rxjava3.internal.operators.flowable.FlowableAmbTest.emptyIterable,2
io.reactivex.rxjava3.internal.operators.flowable.FlowableAmbTest.synchronousSources,2
io.reactivex.rxjava3.internal.operators.flowable.FlowableAmbTest.manySources,2
io.reactivex.rxjava3.internal.operators.flowable.FlowableAmbTest.ambIterable2,2
io.reactivex.rxjava3.internal.operators.flowable.FlowableAmbTest.badRequest,2
io.reactivex.rxjava3.internal.operators.flowable.FlowableAmbTest.ambIterableOrder,2
io.reactivex.rxjava3.internal.operators.flowable.FlowableAmbTest.publishersInIterable,2
io.reactivex.rxjava3.internal.operators.flowable.FlowableAmbTest.singleIterable,2
io.reactivex.rxjava3.internal.operators.flowable.FlowableAmbTest.ambArraySingleElement,2
io.reactivex.rxjava3.parallel.ParallelMapTryTest.mapErrorNoError,2
io.reactivex.rxjava3.parallel.ParallelMapTryTest.mapFailWithRetryConditional,2
io.reactivex.rxjava3.parallel.ParallelMapTryTest.doubleOnSubscribe,2
io.reactivex.rxjava3.parallel.ParallelMapTryTest.mapFailHandlerThrows,2
io.reactivex.rxjava3.parallel.ParallelMapTryTest.mapFailHandlerThrowsConditional,2
io.reactivex.rxjava3.internal.operators.observable.ObservableDoOnSubscribeTest.onSubscribeCrash,2
io.reactivex.rxjava3.schedulers.CachedThreadSchedulerTest.shutdownRejects,2
io.reactivex.rxjava3.internal.operators.flowable.FlowableWithLatestFromTest.backpressure,2
io.reactivex.rxjava3.internal.operators.completable.CompletableAmbTest.ambLots,2
io.reactivex.rxjava3.internal.operators.completable.CompletableAmbTest.noWinnerErrorDispose,2
io.reactivex.rxjava3.internal.operators.completable.CompletableAmbTest.ambIterableOrder,2
io.reactivex.rxjava3.internal.operators.completable.CompletableAmbTest.untilCompletableOtherOnComplete,2
io.reactivex.rxjava3.internal.operators.completable.CompletableAmbTest.ambFirstDone,2
io.reactivex.rxjava3.internal.operators.completable.CompletableAmbTest.completableSourcesInIterable,2
io.reactivex.rxjava3.internal.operators.completable.CompletableAmbTest.untilCompletableOtherError,2
io.reactivex.rxjava3.internal.operators.completable.CompletableAmbTest.dispose,2
io.reactivex.rxjava3.internal.operators.completable.CompletableAmbTest.untilCompletableMainError,2
io.reactivex.rxjava3.internal.operators.flowable.FlowableThrottleFirstTest.throttlingWithError,2
io.reactivex.rxjava3.internal.operators.flowable.FlowableWindowWithTimeTest.overlapBackpressure2,2
io.reactivex.rxjava3.internal.operators.flowable.FlowableWindowWithTimeTest.timedAndCount,2
io.reactivex.rxjava3.schedulers.ComputationSchedulerTests.exceptionFromObservableShouldNotBeSwallowed,2
io.reactivex.rxjava3.schedulers.ComputationSchedulerTests.threadSafetyWhenSchedulerIsHoppingBetweenThreads,2
io.reactivex.rxjava3.internal.queue.SimpleQueueTest.mpscLinkedQueueBiOffer,2
io.reactivex.rxjava3.internal.operators.flowable.FlowableConcatTest.innerBackpressureWithAlignedBoundaries,1
io.reactivex.rxjava3.internal.operators.flowable.FlowableConcatWithMaybeTest.normalNonEmpty,1
io.reactivex.rxjava3.internal.operators.maybe.MaybeDematerializeTest.selectorCrash,1
io.reactivex.rxjava3.processors.AsyncProcessorTest.onSubscribeAfterDone,1
io.reactivex.rxjava3.processors.AsyncProcessorTest.onErrorCrossCancel,1
io.reactivex.rxjava3.processors.AsyncProcessorTest.onErrorNull,1
io.reactivex.rxjava3.internal.operators.single.SingleFlatMapTest.flatMapPublisherSingleError,1
io.reactivex.rxjava3.processors.MulticastProcessorTest.requestUpstreamPrefetchNonFused2,1
io.reactivex.rxjava3.processors.MulticastProcessorTest.cancelUpfrontOtherConsumersPresent,1
io.reactivex.rxjava3.processors.MulticastProcessorTest.addRemoveRaceNoRefCount,1
io.reactivex.rxjava3.processors.MulticastProcessorTest.cancelUpfront,1
io.reactivex.rxjava3.processors.MulticastProcessorTest.refCounted,1
io.reactivex.rxjava3.processors.MulticastProcessorTest.multiStart,1
io.reactivex.rxjava3.processors.MulticastProcessorTest.rejectedFusion,1
io.reactivex.rxjava3.internal.operators.flowable.FlowableGroupJoinTest.rightThrows,1
io.reactivex.rxjava3.internal.operators.flowable.FlowableGroupJoinTest.disposeAfterOnNext,1
io.reactivex.rxjava3.internal.operators.flowable.FlowableGroupJoinTest.leftRightEndState,1
io.reactivex.rxjava3.internal.operators.flowable.FlowableGroupByTest.innerEscapeCompleted,1
io.reactivex.rxjava3.internal.operators.flowable.FlowableGroupByTest.cancellationOfUpstreamWhenGroupedFlowableCompletes,1
io.reactivex.rxjava3.internal.operators.flowable.FlowableGroupByTest.firstGroupsCompleteAndParentSlowToThenEmitFinalGroupsAndThenComplete,1
io.reactivex.rxjava3.internal.operators.flowable.FlowableGroupByTest.groupBy,1
io.reactivex.rxjava3.internal.operators.flowable.FlowableGroupByTest.issue6974Part2Case1ObserveOnConditionalHide,1
io.reactivex.rxjava3.internal.operators.flowable.FlowableGroupByTest.issue6974Part2Case1,1
io.reactivex.rxjava3.internal.operators.flowable.FlowableGroupByTest.groupError,1
io.reactivex.rxjava3.internal.operators.flowable.FlowableGroupByTest.keySelectorThrows,1
io.reactivex.rxjava3.internal.operators.flowable.FlowableGroupByTest.issue6974Part2Case1ObserveOnConditional,1
io.reactivex.rxjava3.internal.operators.flowable.FlowableGroupByTest.groupByBackpressure2,1
io.reactivex.rxjava3.internal.operators.flowable.FlowableGroupByTest.reentrantCompleteCancel,1
io.reactivex.rxjava3.internal.operators.flowable.FlowableWindowWithSizeTest.skipMultipleRequests,1
io.reactivex.rxjava3.internal.operators.flowable.FlowableWindowWithSizeTest.cancellingWindowCancelsUpstreamSkip,1
io.reactivex.rxjava3.internal.operators.flowable.FlowableWindowWithSizeTest.windowAbandonmentCancelsUpstreamSize,1
io.reactivex.rxjava3.internal.operators.maybe.MaybeDoAfterSuccessTest.justConditional,1
io.reactivex.rxjava3.internal.operators.flowable.FlowableDebounceTest.badSource,1
io.reactivex.rxjava3.internal.schedulers.DisposeOnCancelTest.basicCoverage,1
io.reactivex.rxjava3.internal.operators.flowable.FlowableIgnoreElementsTest.withNonEmptyFlowable,1
io.reactivex.rxjava3.internal.operators.flowable.FlowableWindowWithFlowableTest.reentrant,1
io.reactivex.rxjava3.internal.operators.flowable.FlowableWindowWithFlowableTest.innerBadSource,1
io.reactivex.rxjava3.internal.operators.flowable.FlowableWindowWithFlowableTest.disposeMainBoundaryErrorRace,1
io.reactivex.rxjava3.internal.operators.flowable.FlowableWindowWithFlowableTest.mainAndBoundaryBothError,1
io.reactivex.rxjava3.internal.operators.mixed.ObservableSwitchMapMaybeTest.checkDisposed,1
io.reactivex.rxjava3.internal.operators.mixed.ObservableSwitchMapMaybeTest.undeliverableUponCancel,1
io.reactivex.rxjava3.internal.operators.mixed.ObservableSwitchMapMaybeTest.mainError,1
io.reactivex.rxjava3.completable.CompletableTest.mergeIterableManyOneThrows,1
io.reactivex.rxjava3.completable.CompletableTest.createOnSubscribeThrowsRuntimeException,1
io.reactivex.rxjava3.completable.CompletableTest.andThenCompletableNormal,1
io.reactivex.rxjava3.internal.operators.completable.CompletableCacheTest.dispose,1
io.reactivex.rxjava3.internal.operators.observable.BlockingObservableNextTest.singleSourceManyIterators,1
io.reactivex.rxjava3.internal.jdk8.ObservableMapOptionalTest.mixedConditional,1
io.reactivex.rxjava3.internal.jdk8.ObservableMapOptionalTest.asyncFusedMixed,1
io.reactivex.rxjava3.internal.jdk8.ObservableMapOptionalTest.crashDropsOnNexts,1
io.reactivex.rxjava3.internal.jdk8.ObservableMapOptionalTest.crashDropsOnNextsConditional,1
io.reactivex.rxjava3.internal.operators.observable.ObservableDebounceTest.doubleOnSubscribeTime,1
io.reactivex.rxjava3.internal.operators.observable.ObservableTimeoutTests.shouldCompleteIfUnderlyingComletes,1
io.reactivex.rxjava3.parallel.ParallelRunOnTest.doubleError,1
io.reactivex.rxjava3.parallel.ParallelRunOnTest.badRequest,1
io.reactivex.rxjava3.parallel.ParallelRunOnTest.error,1
io.reactivex.rxjava3.parallel.ParallelRunOnTest.nextCancelRace,1
io.reactivex.rxjava3.parallel.ParallelRunOnTest.normalCancelAfterRequest1,1
io.reactivex.rxjava3.parallel.ParallelFilterTest.error,1
io.reactivex.rxjava3.internal.operators.flowable.FlowableMergeDelayErrorTest.mergeDelayErrorWithErrorMaxConcurrency,1
io.reactivex.rxjava3.internal.operators.flowable.FlowableMergeDelayErrorTest.mergeDelayErrorMaxConcurrency,1
io.reactivex.rxjava3.internal.operators.flowable.FlowableMergeDelayErrorTest.mergeDelayErrorWithError,1
io.reactivex.rxjava3.internal.operators.flowable.FlowableMergeDelayErrorTest.errorInParentFlowableDelayed,1
io.reactivex.rxjava3.internal.operators.flowable.FlowableMergeDelayErrorTest.mergeArrayWithThreading,1
io.reactivex.rxjava3.internal.operators.flowable.FlowableMergeDelayErrorTest.mergeArrayDelayError,1
io.reactivex.rxjava3.internal.operators.mixed.FlowableSwitchMapMaybeTest.simpleEmpty,1
io.reactivex.rxjava3.internal.operators.mixed.FlowableSwitchMapMaybeTest.undeliverableUponCancel,1
io.reactivex.rxjava3.internal.operators.mixed.FlowableSwitchMapMaybeTest.mainError,1
io.reactivex.rxjava3.internal.operators.flowable.FlowableFlatMapTest.rangeEmptyMixture,1
io.reactivex.rxjava3.internal.operators.flowable.FlowableMergeTest.flatMapMaxConcurrentJustRange,1
io.reactivex.rxjava3.internal.operators.flowable.FlowableMergeTest.slowMergeFullScalar,1
io.reactivex.rxjava3.internal.operators.flowable.FlowableMergeTest.mergeArrayWithThreading,1
io.reactivex.rxjava3.internal.operators.flowable.FlowableMergeTest.backpressureUpstream2InLoop,1
io.reactivex.rxjava3.internal.operators.flowable.FlowableMergeTest.merge1AsyncStreamOf1,1
io.reactivex.rxjava3.internal.operators.flowable.FlowableMergeTest.mergeArray2,1
io.reactivex.rxjava3.internal.operators.flowable.FlowableMergeTest.concurrencyWithSleeping,1
io.reactivex.rxjava3.internal.operators.flowable.FlowableMergeTest.delayedErrorsShouldBeEmittedWhenCompleteAfterApplyingBackpressure_NormalPath,1
io.reactivex.rxjava3.internal.operators.maybe.MaybeFlatMapIterableFlowableTest.take,1
io.reactivex.rxjava3.internal.operators.maybe.MaybeDoOnLifecycleTest.isDisposed,1
io.reactivex.rxjava3.internal.operators.maybe.MaybeDoOnLifecycleTest.doubleOnSubscribe,1
io.reactivex.rxjava3.internal.operators.single.SingleFlatMapMaybeTest.mapsToEmpty,1
io.reactivex.rxjava3.internal.operators.maybe.MaybeTakeUntilTest.untilPublisherOtherOnNext,1
io.reactivex.rxjava3.internal.operators.maybe.MaybeTakeUntilTest.mainCompletes,1
io.reactivex.rxjava3.internal.operators.maybe.MaybeTakeUntilTest.otherCompletes,1
io.reactivex.rxjava3.internal.operators.maybe.MaybeTakeUntilTest.untilMaybeMainSuccess,1
io.reactivex.rxjava3.internal.operators.maybe.MaybeTakeUntilTest.normalMaybe,1
io.reactivex.rxjava3.internal.operators.maybe.MaybeTakeUntilTest.doubleOnSubscribe,1
io.reactivex.rxjava3.internal.operators.maybe.MaybeTakeUntilTest.disposed,1
io.reactivex.rxjava3.internal.operators.maybe.MaybeTakeUntilTest.untilMaybeMainError,1
io.reactivex.rxjava3.internal.operators.maybe.MaybeTakeUntilTest.untilPublisherMainComplete,1
io.reactivex.rxjava3.internal.operators.maybe.MaybeTakeUntilTest.untilMaybeDispose,1
io.reactivex.rxjava3.internal.operators.maybe.MaybeSwitchOnNextTest.noDelaySwitch,1
io.reactivex.rxjava3.internal.operators.observable.ObservableWindowWithObservableTest.disposeMainBoundaryCompleteRace,1
io.reactivex.rxjava3.internal.operators.observable.ObservableWindowWithObservableTest.windowViaObservableBoundaryThrows,1
io.reactivex.rxjava3.internal.operators.observable.ObservableDoOnUnsubscribeTest.doOnUnSubscribeWorksWithRefCount,1
io.reactivex.rxjava3.internal.operators.flowable.FlowableDelayTest.delayWithFlowableNormal1,1
io.reactivex.rxjava3.internal.operators.flowable.FlowableDelayTest.delay,1
io.reactivex.rxjava3.internal.operators.flowable.FlowableDelayTest.delayWithFlowableSubscriptionNormal,1
io.reactivex.rxjava3.internal.operators.flowable.FlowableDelayTest.delayWithError,1
io.reactivex.rxjava3.internal.operators.completable.CompletableMergeTest.mainDoubleOnError,1
io.reactivex.rxjava3.internal.operators.maybe.MaybeZipArrayTest.middleError,1
io.reactivex.rxjava3.internal.jdk8.MaybeFlattenStreamAsFlowableTest.mapperCrash,1
io.reactivex.rxjava3.internal.jdk8.ParallelMapTryOptionalTest.mapFailWithRetry,1
io.reactivex.rxjava3.internal.jdk8.ParallelMapTryOptionalTest.mapInvalidSourceConditional,1
io.reactivex.rxjava3.internal.jdk8.ParallelMapTryOptionalTest.mapFailWithSkip,1
io.reactivex.rxjava3.internal.jdk8.ParallelMapTryOptionalTest.mapFailWithStop,1
io.reactivex.rxjava3.internal.jdk8.ParallelMapTryOptionalTest.mapFailWithErrorConditional,1
io.reactivex.rxjava3.internal.jdk8.ParallelMapTryOptionalTest.mapErrorConditionalNoError,1
io.reactivex.rxjava3.internal.jdk8.ObservableStageSubscriberOrDefaultTest.lastCompletableFutureCancels,1
io.reactivex.rxjava3.internal.operators.observable.ObservableConcatWithMaybeTest.normalNonEmpty,1
io.reactivex.rxjava3.internal.operators.observable.ObservableWindowWithStartEndObservableTest.boundarySelectorNormal,1
io.reactivex.rxjava3.internal.operators.observable.ObservableWindowWithStartEndObservableTest.windowAbandonmentCancelsUpstream,1
io.reactivex.rxjava3.internal.operators.observable.ObservableWindowWithStartEndObservableTest.openError,1
io.reactivex.rxjava3.internal.jdk8.ObservableStageSubscriberOrErrorTest.lastCompletableFutureCancels,1
io.reactivex.rxjava3.parallel.ParallelDoOnNextTryTest.doOnNextFailWithRetryConditional,1
io.reactivex.rxjava3.parallel.ParallelDoOnNextTryTest.doOnNextFailHandlerThrowsConditional,1
io.reactivex.rxjava3.parallel.ParallelDoOnNextTryTest.doubleOnSubscribe,1
io.reactivex.rxjava3.parallel.ParallelDoOnNextTryTest.doOnNextErrorConditionalNoError,1
io.reactivex.rxjava3.parallel.ParallelDoOnNextTryTest.filterInvalidSourceConditional,1
io.reactivex.rxjava3.parallel.ParallelDoOnNextTryTest.doubleOnSubscribeConditional,1
io.reactivex.rxjava3.internal.jdk8.MaybeToCompletionStageTest.emptyError,1
io.reactivex.rxjava3.internal.jdk8.MaybeToCompletionStageTest.completableManualCompleteExceptionallyCancels,1
io.reactivex.rxjava3.internal.jdk8.MaybeToCompletionStageTest.just,1
io.reactivex.rxjava3.parallel.ParallelMapTryTest.mapFailWithRetry,1
io.reactivex.rxjava3.parallel.ParallelMapTryTest.mapInvalidSourceConditional,1
io.reactivex.rxjava3.parallel.ParallelMapTryTest.mapFailWithSkip,1
io.reactivex.rxjava3.parallel.ParallelMapTryTest.mapFailWithStop,1
io.reactivex.rxjava3.parallel.ParallelMapTryTest.mapFailWithErrorConditional,1
io.reactivex.rxjava3.parallel.ParallelMapTryTest.mapErrorConditionalNoError,1
io.reactivex.rxjava3.internal.operators.observable.ObservableMergeWithMaybeTest.undeliverableUponCancel,1
io.reactivex.rxjava3.disposables.DisposableTest.fromAutoCloseable,1
io.reactivex.rxjava3.internal.operators.maybe.MaybeFlattenTest.mapperReturnsNull,1
io.reactivex.rxjava3.disposables.FutureDisposableTest.normalDone,1
io.reactivex.rxjava3.subjects.BehaviorSubjectTest.innerDisposed,1
io.reactivex.rxjava3.subjects.BehaviorSubjectTest.startEmpty,1
io.reactivex.rxjava3.subjects.BehaviorSubjectTest.onErrorAfterComplete,1
io.reactivex.rxjava3.subjects.BehaviorSubjectTest.cancelOnArrival2,1
io.reactivex.rxjava3.subjects.BehaviorSubjectTest.subscribeToCompletedOnlyEmitsOnComplete,1
io.reactivex.rxjava3.subjects.BehaviorSubjectTest.onErrorNull,1
io.reactivex.rxjava3.internal.operators.flowable.FlowableFromSupplierTest.fusedFlatMapNullHidden,1
io.reactivex.rxjava3.internal.operators.mixed.FlowableConcatMapSingleTest.backpressure,1
io.reactivex.rxjava3.subjects.MaybeSubjectTest.cancelOnArrival,1
io.reactivex.rxjava3.subjects.MaybeSubjectTest.cancelOnArrival2,1
io.reactivex.rxjava3.internal.operators.flowable.FlowableMergeWithCompletableTest.cancel,1
io.reactivex.rxjava3.parallel.ParallelFilterTryTest.filterInvalidSource,1
io.reactivex.rxjava3.parallel.ParallelFilterTryTest.filterWrongParallelism,1
io.reactivex.rxjava3.parallel.ParallelFilterTryTest.filterWrongParallelismConditional,1
io.reactivex.rxjava3.parallel.ParallelFilterTryTest.filterInvalidSourceConditional,1
io.reactivex.rxjava3.parallel.ParallelFilterTryTest.filterFailWithStopConditional,1
io.reactivex.rxjava3.parallel.ParallelFilterTryTest.filterFailHandlerThrows,1
io.reactivex.rxjava3.internal.operators.flowable.FlowableWindowWithStartEndFlowableTest.windowAbandonmentCancelsUpstream,1
io.reactivex.rxjava3.internal.operators.flowable.FlowableWindowWithStartEndFlowableTest.mainWindowMissingBackpressure,1
io.reactivex.rxjava3.internal.operators.flowable.FlowableWindowWithTimeTest.exactTimeBoundNoInterruptWindowOutputOnError,1
io.reactivex.rxjava3.internal.operators.flowable.FlowableWindowWithTimeTest.periodicWindowCompletionRestartTimer,1
io.reactivex.rxjava3.internal.operators.flowable.FlowableWindowWithTimeTest.timed,1
io.reactivex.rxjava3.internal.operators.flowable.FlowableWindowWithTimeTest.timespanDefaultSchedulerSize,1
io.reactivex.rxjava3.internal.operators.flowable.FlowableWindowWithTimeTest.exactUnboundedReentrant,1
io.reactivex.rxjava3.internal.operators.flowable.FlowableWindowWithTimeTest.timespanTimeskipDefaultScheduler,1
io.reactivex.rxjava3.internal.operators.flowable.FlowableWindowWithTimeTest.timedBoundarySignalAndDisposeRace,1
io.reactivex.rxjava3.internal.operators.flowable.FlowableWindowWithTimeTest.exactTimeAndSizeBoundNoInterruptWindowOutputOnError,1
io.reactivex.rxjava3.internal.operators.flowable.FlowableWindowWithTimeTest.windowAbandonmentCancelsUpstreamExactTime,1
io.reactivex.rxjava3.internal.operators.flowable.FlowableWindowWithTimeTest.exactTimeAndSizeBoundNoInterruptWindowOutputOnComplete,1
io.reactivex.rxjava3.internal.operators.flowable.FlowableWindowWithTimeTest.firstWindowMissingBackpressure,1
io.reactivex.rxjava3.internal.operators.flowable.FlowableWindowWithTimeTest.timeskipOverlapping,1
io.reactivex.rxjava3.internal.operators.flowable.FlowableWindowWithTimeTest.skipBackpressure,1
io.reactivex.rxjava3.validators.CatchThrowIfFatalCheck.check,1
io.reactivex.rxjava3.internal.operators.maybe.MaybeToFutureTest.empty,1
io.reactivex.rxjava3.internal.schedulers.TrampolineSchedulerInternalTest.reentrantScheduleInterrupt,1
io.reactivex.rxjava3.internal.operators.flowable.FlowableMergeWithMaybeTest.undeliverableUponCancel,1
io.reactivex.rxjava3.internal.operators.flowable.FlowableTakeUntilPredicateTest.backpressure,1
io.reactivex.rxjava3.parallel.ParallelJoinTest.takeUntilDelayError,1