io.reactivex.rxjava3.internal.jdk8.FlowableFromStreamTest.closeCalledOnItemCrash,7803
io.reactivex.rxjava3.internal.operators.observable.ObservableCreateTest.serializedOnNextAfterComplete,1946
io.reactivex.rxjava3.internal.operators.observable.ObservableCreateTest.onErrorRace,15
io.reactivex.rxjava3.internal.operators.flowable.FlowableCreateTest.createNullValueErrorSerialized,3
io.reactivex.rxjava3.internal.operators.flowable.FlowableCreateTest.badRequest,3
io.reactivex.rxjava3.internal.operators.flowable.FlowableCreateTest.nullThrowable,3
io.reactivex.rxjava3.internal.operators.flowable.FlowableFromSourceTest.errorBuffered,3
io.reactivex.rxjava3.internal.operators.flowable.FlowableFromIterableTest.hasNextThrowsSecondTimeSlowpath,2
io.reactivex.rxjava3.internal.operators.flowable.FlowableCreateTest.serializedConcurrentOnNextOnError,2
io.reactivex.rxjava3.internal.operators.flowable.FlowableCreateTest.serializedCancelOnNext,2
io.reactivex.rxjava3.internal.operators.flowable.FlowableCreateTest.createNullValue,2
io.reactivex.rxjava3.internal.jdk8.ObservableFromStreamTest.closeCalledOnCancel,2
io.reactivex.rxjava3.internal.operators.flowable.FlowableFromIterableTest.noBackpressure,1
io.reactivex.rxjava3.internal.operators.flowable.FlowableCreateTest.createNullValueError,1
io.reactivex.rxjava3.internal.jdk8.ObservableFromStreamTest.manyConditional,1
io.reactivex.rxjava3.internal.jdk8.ObservableFromStreamTest.empty,1
io.reactivex.rxjava3.internal.jdk8.FlowableFromStreamTest.manyConditional,1
io.reactivex.rxjava3.internal.jdk8.FlowableFromStreamTest.empty,1
io.reactivex.rxjava3.internal.operators.observable.ObservableCreateTest.basicWithCancellable,1
io.reactivex.rxjava3.internal.operators.observable.ObservableCreateTest.onCompleteCrash,1
io.reactivex.rxjava3.internal.operators.observable.ObservableCreateTest.onCompleteRace,1
io.reactivex.rxjava3.internal.operators.observable.ObservableCreateTest.unsafeWithObservable,1
io.reactivex.rxjava3.internal.operators.observable.ObservableTimerTest.withMultipleStaggeredSubscribers,1
io.reactivex.rxjava3.internal.operators.flowable.FlowableFromSourceTest.unsubscribeInline,1
io.reactivex.rxjava3.internal.operators.flowable.FlowableFromSourceTest.takeOneNoCancel,1
io.reactivex.rxjava3.internal.operators.maybe.MaybeUnsubscribeOnTest.normal,1